model,family,feature_set,fold,pr_auc,roc_auc,recall_at_05,recall_at_10,recall_at_20,precision_at_05,precision_at_10,precision_at_20,n_train,n_fraud_train,n_val,n_fraud_val,train_policy_max,val_policy_min,val_policy_max
logreg__fs_basepolicy,logreg,fs_basepolicy,1,0.15584748153075315,0.8150936569345097,0.09016393442622951,0.22131147540983606,0.5983606557377049,0.11578947368421053,0.14285714285714285,0.1931216931216931,1892,127,1889,122,1892,1893,3781
logreg__fs_basepolicy,logreg,fs_basepolicy,2,0.10906739952879844,0.747909416205088,0.017391304347826087,0.12173913043478261,0.3565217391304348,0.021052631578947368,0.07407407407407407,0.10846560846560846,3781,249,1889,115,3781,3782,5670
logreg__fs_basepolicy,logreg,fs_basepolicy,3,0.12089514328597058,0.7436586911470019,0.022556390977443608,0.09022556390977443,0.3458646616541353,0.031578947368421054,0.06349206349206349,0.12169312169312169,5670,364,1889,133,5670,5671,7559
logreg__fs_basepolicy,logreg,fs_basepolicy,4,0.12114197928201446,0.7640810170221936,0.10576923076923077,0.19230769230769232,0.49038461538461536,0.11578947368421053,0.10582010582010581,0.1349206349206349,7559,497,1889,104,7559,7560,9448
logreg__fs_basepolicy,logreg,fs_basepolicy,5,0.15097546287170469,0.7994072776002474,0.14678899082568808,0.27522935779816515,0.5045871559633027,0.16842105263157894,0.15873015873015872,0.1455026455026455,9448,601,1889,109,9448,9449,11337
svm__fs_basepolicy,svm,fs_basepolicy,1,0.1506208442197259,0.7765129375527661,0.11475409836065574,0.2459016393442623,0.45901639344262296,0.14736842105263157,0.15873015873015872,0.14814814814814814,1892,127,1889,122,1892,1893,3781
svm__fs_basepolicy,svm,fs_basepolicy,2,0.14777214390714516,0.7478996127640801,0.13043478260869565,0.20869565217391303,0.40869565217391307,0.15789473684210525,0.12698412698412698,0.12433862433862433,3781,249,1889,115,3781,3782,5670
svm__fs_basepolicy,svm,fs_basepolicy,3,0.10534004506618597,0.6206304485587545,0.09022556390977443,0.16541353383458646,0.3007518796992481,0.12631578947368421,0.1164021164021164,0.10582010582010581,5670,364,1889,133,5670,5671,7559
svm__fs_basepolicy,svm,fs_basepolicy,4,0.11635463528108078,0.6825307045895281,0.125,0.21153846153846154,0.34615384615384615,0.1368421052631579,0.1164021164021164,0.09523809523809523,7559,497,1889,104,7559,7560,9448
svm__fs_basepolicy,svm,fs_basepolicy,5,0.18651819516521173,0.7711215338624884,0.14678899082568808,0.3394495412844037,0.5688073394495413,0.16842105263157894,0.19576719576719576,0.164021164021164,9448,601,1889,109,9448,9449,11337
xgb__fs_basepolicy,xgb,fs_basepolicy,1,0.09398426180826067,0.6737547199569521,0.01639344262295082,0.05737704918032787,0.3360655737704918,0.021052631578947368,0.037037037037037035,0.10846560846560846,1892,127,1889,122,1892,1893,3781
xgb__fs_basepolicy,xgb,fs_basepolicy,2,0.08210196160678865,0.6472623890985735,0.034782608695652174,0.06086956521739131,0.13043478260869565,0.042105263157894736,0.037037037037037035,0.03968253968253968,3781,249,1889,115,3781,3782,5670
xgb__fs_basepolicy,xgb,fs_basepolicy,3,0.08076955333391034,0.6007929847397537,0.015037593984962405,0.05263157894736842,0.15789473684210525,0.021052631578947368,0.037037037037037035,0.05555555555555555,5670,364,1889,133,5670,5671,7559
xgb__fs_basepolicy,xgb,fs_basepolicy,4,0.11654276310558422,0.7027095453566042,0.07692307692307693,0.16346153846153846,0.28846153846153844,0.08421052631578947,0.08994708994708994,0.07936507936507936,7559,497,1889,104,7559,7560,9448
xgb__fs_basepolicy,xgb,fs_basepolicy,5,0.18355072004119374,0.8148592928564066,0.13761467889908258,0.26605504587155965,0.5779816513761468,0.15789473684210525,0.15343915343915343,0.16666666666666666,9448,601,1889,109,9448,9449,11337
stacking__fs_basepolicy,stacking,fs_basepolicy,1,0.12926233287566694,0.7804976481393859,0.01639344262295082,0.10655737704918032,0.5081967213114754,0.021052631578947368,0.06878306878306878,0.164021164021164,1892,127,1889,122,1892,1893,3781
stacking__fs_basepolicy,stacking,fs_basepolicy,2,0.09445165088107355,0.7037449144649772,0.034782608695652174,0.05217391304347826,0.1391304347826087,0.042105263157894736,0.031746031746031744,0.042328042328042326,3781,249,1889,115,3781,3782,5670
stacking__fs_basepolicy,stacking,fs_basepolicy,3,0.09286677651327852,0.6610075873053933,0.015037593984962405,0.045112781954887216,0.16541353383458646,0.021052631578947368,0.031746031746031744,0.0582010582010582,5670,364,1889,133,5670,5671,7559
stacking__fs_basepolicy,stacking,fs_basepolicy,4,0.11685024211134105,0.7174962292609351,0.07692307692307693,0.16346153846153846,0.3076923076923077,0.08421052631578947,0.08994708994708994,0.08465608465608465,7559,497,1889,104,7559,7560,9448
stacking__fs_basepolicy,stacking,fs_basepolicy,5,0.1858362909024697,0.8164725286052985,0.1559633027522936,0.28440366972477066,0.5688073394495413,0.17894736842105263,0.164021164021164,0.164021164021164,9448,601,1889,109,9448,9449,11337
logreg__fs_policytype,logreg,fs_policytype,1,0.15734132727975744,0.8179650607216084,0.09836065573770492,0.2459016393442623,0.5983606557377049,0.12631578947368421,0.15873015873015872,0.1931216931216931,1892,127,1889,122,1892,1893,3781
logreg__fs_policytype,logreg,fs_policytype,2,0.11107168437493338,0.7493848340767609,0.02608695652173913,0.12173913043478261,0.3739130434782609,0.031578947368421054,0.07407407407407407,0.11375661375661375,3781,249,1889,115,3781,3782,5670
logreg__fs_policytype,logreg,fs_policytype,3,0.1255670290926549,0.7500042817750527,0.03759398496240601,0.10526315789473684,0.41353383458646614,0.05263157894736842,0.07407407407407407,0.1455026455026455,5670,364,1889,133,5670,5671,7559
logreg__fs_policytype,logreg,fs_policytype,4,0.1288209857706408,0.7688536953242835,0.125,0.21153846153846154,0.5096153846153846,0.1368421052631579,0.1164021164021164,0.1402116402116402,7559,497,1889,104,7559,7560,9448
logreg__fs_policytype,logreg,fs_policytype,5,0.14507858723553296,0.8051798783630554,0.12844036697247707,0.26605504587155965,0.5229357798165137,0.14736842105263157,0.15343915343915343,0.15079365079365079,9448,601,1889,109,9448,9449,11337
svm__fs_policytype,svm,fs_policytype,1,0.1517098554690483,0.7882954345143662,0.11475409836065574,0.2459016393442623,0.48360655737704916,0.14736842105263157,0.15873015873015872,0.15608465608465608,1892,127,1889,122,1892,1893,3781
svm__fs_policytype,svm,fs_policytype,2,0.14509219997514403,0.7526444782118523,0.1391304347826087,0.20869565217391303,0.40869565217391307,0.16842105263157894,0.12698412698412698,0.12433862433862433,3781,249,1889,115,3781,3782,5670
svm__fs_policytype,svm,fs_policytype,3,0.11825197044863345,0.6602497131210715,0.12781954887218044,0.18045112781954886,0.3308270676691729,0.17894736842105263,0.12698412698412698,0.1164021164021164,5670,364,1889,133,5670,5671,7559
svm__fs_policytype,svm,fs_policytype,4,0.12046972487149667,0.6844106873518638,0.1346153846153846,0.21153846153846154,0.3173076923076923,0.14736842105263157,0.1164021164021164,0.0873015873015873,7559,497,1889,104,7559,7560,9448
svm__fs_policytype,svm,fs_policytype,5,0.17062117300927276,0.7494948974332544,0.1834862385321101,0.3394495412844037,0.46788990825688076,0.21052631578947367,0.19576719576719576,0.1349206349206349,9448,601,1889,109,9448,9449,11337
xgb__fs_policytype,xgb,fs_policytype,1,0.09260467759938816,0.668299516639298,0.02459016393442623,0.04918032786885246,0.319672131147541,0.031578947368421054,0.031746031746031744,0.10317460317460317,1892,127,1889,122,1892,1893,3781
xgb__fs_policytype,xgb,fs_policytype,2,0.08207884386047758,0.6430567129062301,0.034782608695652174,0.06086956521739131,0.13043478260869565,0.042105263157894736,0.037037037037037035,0.03968253968253968,3781,249,1889,115,3781,3782,5670
xgb__fs_policytype,xgb,fs_policytype,3,0.0817379166236456,0.6066889889872746,0.022556390977443608,0.08270676691729323,0.16541353383458646,0.031578947368421054,0.0582010582010582,0.0582010582010582,5670,364,1889,133,5670,5671,7559
xgb__fs_policytype,xgb,fs_policytype,4,0.12092621884774607,0.7039161818573583,0.08653846153846154,0.15384615384615385,0.3076923076923077,0.09473684210526316,0.08465608465608465,0.08465608465608465,7559,497,1889,104,7559,7560,9448
xgb__fs_policytype,xgb,fs_policytype,5,0.18702915201687464,0.8176064323265643,0.13761467889908258,0.26605504587155965,0.5871559633027523,0.15789473684210525,0.15343915343915343,0.1693121693121693,9448,601,1889,109,9448,9449,11337
stacking__fs_policytype,stacking,fs_policytype,1,0.12950273133338278,0.7818707265254623,0.01639344262295082,0.10655737704918032,0.5,0.021052631578947368,0.06878306878306878,0.16137566137566137,1892,127,1889,122,1892,1893,3781
stacking__fs_policytype,stacking,fs_policytype,2,0.09376691598977288,0.7021077398166756,0.034782608695652174,0.05217391304347826,0.14782608695652175,0.042105263157894736,0.031746031746031744,0.04497354497354497,3781,249,1889,115,3781,3782,5670
stacking__fs_policytype,stacking,fs_policytype,3,0.09396637612052511,0.6658845290903797,0.015037593984962405,0.06766917293233082,0.18045112781954886,0.021052631578947368,0.047619047619047616,0.06349206349206349,5670,364,1889,133,5670,5671,7559
stacking__fs_policytype,stacking,fs_policytype,4,0.12172043532553041,0.7204158586511528,0.09615384615384616,0.16346153846153846,0.33653846153846156,0.10526315789473684,0.08994708994708994,0.09259259259259259,7559,497,1889,104,7559,7560,9448
stacking__fs_policytype,stacking,fs_policytype,5,0.18680948499776406,0.8199979383568704,0.14678899082568808,0.28440366972477066,0.5688073394495413,0.16842105263157894,0.164021164021164,0.164021164021164,9448,601,1889,109,9448,9449,11337
dummy,dummy,none,1,0.06458443620963472,0.5,0.05029115934356803,0.10005293806246691,0.20010587612493383,0.06458443620963474,0.06458443620963472,0.06458443620963472,1892,127,1889,122,1892,1893,3781
dummy,dummy,none,2,0.06087877183695077,0.5,0.05029115934356802,0.10005293806246691,0.20010587612493383,0.06087877183695077,0.06087877183695077,0.06087877183695077,3781,249,1889,115,3781,3782,5670
dummy,dummy,none,3,0.07040762308099524,0.5,0.05029115934356802,0.10005293806246691,0.20010587612493383,0.07040762308099523,0.07040762308099524,0.07040762308099524,5670,364,1889,133,5670,5671,7559
dummy,dummy,none,4,0.05505558496559026,0.5,0.05029115934356802,0.10005293806246691,0.20010587612493383,0.05505558496559026,0.05505558496559026,0.05505558496559026,7559,497,1889,104,7559,7560,9448
dummy,dummy,none,5,0.057702488088935945,0.5,0.05029115934356802,0.10005293806246691,0.20010587612493383,0.057702488088935945,0.057702488088935945,0.057702488088935945,9448,601,1889,109,9448,9449,11337
business,business,none,1,0.15567389238831442,0.778526167348567,0.11475409836065574,0.22950819672131148,0.5655737704918032,0.14736842105263157,0.14814814814814814,0.18253968253968253,1892,127,1889,122,1892,1893,3781
business,business,none,2,0.17147863545663428,0.8023136120778394,0.17391304347826086,0.3217391304347826,0.5739130434782609,0.21052631578947367,0.19576719576719576,0.1746031746031746,3781,249,1889,115,3781,3782,5670
business,business,none,3,0.17459503924032355,0.7964315686711083,0.13533834586466165,0.2706766917293233,0.556390977443609,0.18947368421052632,0.19047619047619047,0.19576719576719576,5670,364,1889,133,5670,5671,7559
business,business,none,4,0.12044963033981293,0.7555268261150614,0.1346153846153846,0.22115384615384615,0.49038461538461536,0.14736842105263157,0.12169312169312169,0.1349206349206349,7559,497,1889,104,7559,7560,9448
business,business,none,5,0.14909000751824308,0.7764354190289661,0.12844036697247707,0.23853211009174313,0.48623853211009177,0.14736842105263157,0.13756613756613756,0.1402116402116402,9448,601,1889,109,9448,9449,11337
