model,family,feature_set,pr_auc_mean,pr_auc_std,roc_auc_mean,roc_auc_std,recall_at_05_mean,recall_at_05_std,recall_at_10_mean,recall_at_10_std,recall_at_20_mean,recall_at_20_std,precision_at_05_mean,precision_at_05_std,precision_at_10_mean,precision_at_10_std,precision_at_20_mean,precision_at_20_std
logreg__fs_basepolicy,logreg,fs_basepolicy,0.13158549329984828,0.020585371677818834,0.7740300117818081,0.03175654932749437,0.07653397026928362,0.05564997370013804,0.18016264397205012,0.07480039089074723,0.45914376557403863,0.10698816596952253,0.09052631578947368,0.06254084537900188,0.10899470899470898,0.041594167210653,0.14074074074074075,0.03242225121662123
svm__fs_basepolicy,svm,fs_basepolicy,0.1413211727278699,0.031972016264626556,0.7197390474655234,0.06682706618344715,0.12144068714096279,0.02094751386716012,0.2341997656351254,0.06540257891446129,0.41668502218383435,0.1041778704363573,0.14736842105263157,0.016643566632465148,0.14285714285714285,0.034289633324909315,0.12751322751322752,0.02863993355073938
xgb__fs_basepolicy,xgb,fs_basepolicy,0.11138985197914753,0.04281378619477813,0.687875786401658,0.08027627018552426,0.05615028022514499,0.051950442314197605,0.12007895553563715,0.0937783250839076,0.29816765661179556,0.17863170320701213,0.06526315789473684,0.057846870164354046,0.07089947089947089,0.05151602727889137,0.08994708994708994,0.05012511989813866
stacking__fs_basepolicy,stacking,fs_basepolicy,0.12385345865676593,0.037897273075504216,0.735843781555198,0.06217392653928255,0.05982000499578719,0.05927531240280518,0.13034185604677098,0.09845288165173532,0.3378480674141039,0.1952514948455171,0.06947368421052631,0.06640762229721055,0.07724867724867725,0.054551265264685726,0.10264550264550265,0.05803246384421699
logreg__fs_policytype,logreg,fs_policytype,0.1335759227507039,0.01796036115215893,0.7782775500521522,0.03170886920532354,0.08309639283886543,0.04838783668687145,0.19009948701676058,0.07282358451213487,0.48367173964686605,0.08990909596598329,0.09894736842105263,0.05294642669456544,0.11534391534391535,0.04105220051062608,0.14867724867724869,0.02863993355073938
svm__fs_policytype,svm,fs_policytype,0.14122898475471907,0.02206560598806524,0.7270190421264816,0.052891961825127044,0.13996114103258792,0.026012086408739952,0.2372072844321179,0.061689006009560926,0.40166537555694165,0.07629507747275602,0.1705263157894737,0.02621031494313417,0.14497354497354498,0.032530002431617765,0.12380952380952381,0.025264203992197504
xgb__fs_policytype,xgb,fs_policytype,0.1128753617896264,0.044419780363038244,0.687913566543345,0.08073196919897117,0.06121646080901322,0.05003180640342263,0.1225315719442501,0.08992804593712828,0.30207374371717666,0.180103504519403,0.07157894736842105,0.05489854657012756,0.073015873015873,0.0495493535172197,0.091005291005291,0.05007622755189955
stacking__fs_policytype,stacking,fs_policytype,0.12515318875339504,0.03804575069411584,0.7380553584881081,0.06214174267430464,0.06183129645661993,0.057839709352297,0.1348531342422597,0.09398669002249757,0.3467246031528147,0.18716659348370665,0.07157894736842105,0.06420189760832382,0.08042328042328042,0.05162459647682737,0.10529100529100528,0.05509382322983839
dummy,dummy,none,0.061725780836421384,0.006019595439788178,0.5,0.0,0.05029115934356802,0.0,0.10005293806246691,0.0,0.20010587612493383,0.0,0.061725780836421384,0.00601959543978817,0.061725780836421384,0.006019595439788178,0.061725780836421384,0.006019595439788178
business,business,none,0.15425744098866565,0.0216902293997604,0.7818467186483085,0.018470629011416505,0.13741224785828798,0.022013166399089058,0.25632199502620134,0.041102668414374245,0.5345001877816761,0.04264246282963964,0.16842105263157894,0.02977291710259148,0.15873015873015872,0.03282982446029327,0.1656084656084656,0.026757529753418587
